{
  "epoch0": {
    "r1_384": 0.43646079301834106,
    "mAP_384": 0.2052681693839794
  },
  "epoch10": {
    "r1_384": 0.6407363414764404,
    "mAP_384": 0.43647864757220595
  },
  "epoch20": {
    "r1_384": 0.7345605492591858,
    "mAP_384": 0.5099100844651792
  },
  "epoch30": {
    "r1_384": 0.7877078652381897,
    "mAP_384": 0.5856991596827401
  },
  "epoch40": {
    "r1_384": 0.8283848166465759,
    "mAP_384": 0.6209272856395301
  },
  "epoch50": {
    "r1_384": 0.8399643898010254,
    "mAP_384": 0.64831367618993
  },
  "epoch60": {
    "r1_384": 0.853919267654419,
    "mAP_384": 0.6709072955085743
  },
  "epoch70": {
    "r1_384": 0.8604512810707092,
    "mAP_384": 0.6768969285348888
  },
  "epoch80": {
    "r1_384": 0.8571852445602417,
    "mAP_384": 0.6742548899848462
  },
  "epoch90": {
    "r1_384": 0.8598574995994568,
    "mAP_384": 0.6864658251696488
  },
  "last": {
    "r1_384": 0.8598574995994568,
    "mAP_384": 0.6850821893661018
  }
}