epoch,class_accuracy,obj_accuracy,map50,map75
,,,,
1,0.632,1,9.98E-07,0
2,0.629,1.0,0.0002760252100415528,0.0
3,0.629,1.0,2.31277499551652e-06,0.0
4,0.626,1.0,1.682010588410776e-05,7.714656362622918e-07
5,0.627,1.0,0.0,0.0
