{
  "headline": {
    "champion": {
      "r1": 0.899643705463183,
      "mAP": 0.7404183719581722
    },
    "tx2": {
      "r1": 0.9043942992874109,
      "mAP": 0.7466537947486818
    },
    "solider": {
      "r1": 0.9682304038004751,
      "mAP": 0.9354612604662083
    }
  },
  "joint_crosstab": {
    "champ_wrong_tx2_right": 134,
    "champ_right_tx2_wrong": 118,
    "both_wrong": 204,
    "both_right": 2912,
    "net_delta_R1_queries": 16,
    "net_delta_R1_pp": 0.004750593824228029
  },
  "tx2_vs_solider_sets": {
    "W_tx2": 240,
    "H_tx2": 82,
    "W_champion_fixed_by_tx2_count": 127,
    "W_champion_fixed_by_tx2_pct": 0.48659003831417624
  },
  "tx2_margin_on_W": {
    "median": -0.03212130069732666,
    "frac_in_-0.10_0": 0.8620689655172413,
    "frac_lt_-0.10": 0.13793103448275862
  }
}